model_name,iteration,accuracy,precision,recall,f1
lenet5_batchNorm1,1,0.718167701863354,0.7331284927028088,0.6885551387295238,0.6706628449653158
