model_name,iteration,accuracy,precision,recall,f1
lenet5_batchNorm2,1,0.6886645962732919,0.6903701967096809,0.6559913147650343,0.6430030068808261
